[{
  "label": "Pending",
  "color": "#9289ca",
  "data": [
    ["Pj1", 86],
    ["Pj2", 136],
    ["Pj3", 97],
    ["Pj4", 110],
    ["Pj5", 62],
    ["Pj6", 85],
    ["Pj7", 115],
    ["Pj8", 78],
    ["Pj9", 104],
    ["Pj10", 82],
    ["Pj11", 97],
    ["Pj12", 110],
    ["Pj13", 62]
  ]
}, {
  "label": "Assigned",
  "color": "#7266ba",
  "data": [
    ["Pj1", 49],
    ["Pj2", 81],
    ["Pj3", 47],
    ["Pj4", 44],
    ["Pj5", 100],
    ["Pj6", 49],
    ["Pj7", 94],
    ["Pj8", 44],
    ["Pj9", 52],
    ["Pj10", 17],
    ["Pj11", 47],
    ["Pj12", 44],
    ["Pj13", 100]
  ]
}, {
  "label": "Completed",
  "color": "#564aa3",
  "data": [
    ["Pj1", 29],
    ["Pj2", 56],
    ["Pj3", 14],
    ["Pj4", 21],
    ["Pj5", 5],
    ["Pj6", 24],
    ["Pj7", 37],
    ["Pj8", 22],
    ["Pj9", 28],
    ["Pj10", 9],
    ["Pj11", 14],
    ["Pj12", 21],
    ["Pj13", 5]
  ]
}]