[{
  "label": "Hours",
  "color": "#23b7e5",
  "data": [
    ["Jan", 70],
    ["Feb", 20],
    ["Mar", 70],
    ["Apr", 85],
    ["May", 59],
    ["Jun", 93],
    ["Jul", 66],
    ["Aug", 86],
    ["Sep", 60],
    ["Oct", 60],
    ["Nov", 12],
    ["Dec", 50]
  ]
}, {
  "label": "Commits",
  "color": "#7266ba",
  "data": [
    ["Jan", 20],
    ["Feb", 70],
    ["Mar", 30],
    ["Apr", 50],
    ["May", 85],
    ["Jun", 43],
    ["Jul", 96],
    ["Aug", 36],
    ["Sep", 80],
    ["Oct", 10],
    ["Nov", 72],
    ["Dec", 31]
  ]
}]