[{
  "label": "Home",
  "color": "#1ba3cd",
  "data": [
    ["1", 38],
    ["2", 40],
    ["3", 42],
    ["4", 48],
    ["5", 50],
    ["6", 70],
    ["7", 145],
    ["8", 70],
    ["9", 59],
    ["10", 48],
    ["11", 38],
    ["12", 29],
    ["13", 30],
    ["14", 22],
    ["15", 28]
  ]
}, {
  "label": "Overall",
  "color": "#3a3f51",
  "data": [
    ["1", 16],
    ["2", 18],
    ["3", 17],
    ["4", 16],
    ["5", 30],
    ["6", 110],
    ["7", 19],
    ["8", 18],
    ["9", 110],
    ["10", 19],
    ["11", 16],
    ["12", 10],
    ["13", 20],
    ["14", 10],
    ["15", 20]
  ]
}]